1,BB MKR - BKI,https://strava.app.link/fteK09vDmEb,"kabel Turun sepanjang ±100 m atau 2 gawang, fixing slack nya jatoh dan ngebelit ke kabel
- kabel lepas dari fixing slack dan posisinya ada di bawah pan lampu merah dawuan",sudah diperbaiki,2023-11-01
2,Jalur BB Tegar Beriman,https://strava.app.link/zuy8T0EDmEb,Tidak ada temuan,Tidak ada,2023-11-01
3,AKSES BTS PASAR CIKAMPEK,https://strava.app.link/3ZHxNAmHmEb,Tidak ada temuan,Tidak ada,2023-11-01
4,Akses Polres Cibinong,https://strava.app.link/cx8Eqv2HmEb,Tidak ada temuan,Tidak ada,2023-11-01
5,Akses Bank BJB Cibinong,https://strava.app.link/v26wcgIMmEb,Tidak ada temuan,Tidak ada,2023-11-01
6,AKSES BTS PUPUK KUJANG,https://strava.app.link/66G3aXCNmEb,Tidak ada temuan,Tidak ada,2023-11-01
7,Pasar Cibinong - ITC,https://strava.app.link/x7vePUyPmEb,Tidak ada temuan,Tidak ada,2023-11-01
8,AKSES BTS KM64,https://strava.app.link/9aSHUm1QmEb,Tidak ada temuan,Tidak ada,2023-11-01
9,Jalur DWDM HHR-DCI,https://strava.app.link/18UOmfscoEb,Ada Pekerjaan SPAM Jatiluhur dan Saluran Air Warung Bongkok,Monitoring,2023-11-01
10,Jalur DWDM HHR-KGD,https://strava.app.link/rsKtPeI0nEb,Ada Pekerjaan Saluran dan Jalan Akses depan Shell Jl.Sultan Agung,Monitoring,2023-11-01
11,DCI-TBS,https://strava.app.link/O95FRrh0nEb,Tidak ada temuan,Tidak ada,2023-11-01
12,jalur La pasar cibubur,https://strava.app.link/RnYh0ot6nEb,Tidak ada temuan,Tidak ada,2023-11-02
13,Akses Bank Sinarmas,https://strava.app.link/nffws08aoEb,Tidak ada temuan,Tidak ada,2023-11-02
14,jalur La bts citra indah,https://strava.app.link/x76FHvBeoEb,Tidak ada temuan,Tidak ada,2023-11-02
15,AKSES BTS SG CIKARANG,https://strava.app.link/7l620EcgoEb,Tidak ada temuan,Tidak ada,2023-11-02
16,XCC Bangbarung - XCC Simpang Depok,https://strava.app.link/vuQYSckkoEb,Tidak ada temuan,Tidak ada,2023-11-02
17,AKSES BTS JAGAWANA SUKATANI CIKARANG,https://strava.app.link/djVu7gCkoEb,Tidak ada temuan,Tidak ada,2023-11-02
18,jalur La bts pesona vista,https://strava.app.link/9aG0vAWkoEb,terdapt tiang akses bts di lokasi bengkok dan kabel jg turun,Sudah diperbaiki,2023-11-02
19,Akses Diskominfo Rawa kalong,https://strava.app.link/JdENpYfmoEb,Tidak ada temuan,Tidak ada,2023-11-02
20,jalur La bts madinatul cbn_PL,https://strava.app.link/FGMvj1dnoEb,Tidak ada temuan,Tidak ada,2023-11-02
21,AKSES BTS SUKARUKUN SUKATANI CIKARANG,https://strava.app.link/iNA6PHupoEb,Tidak ada temuan,Tidak ada,2023-11-02
22,jalur La bts rawailat,https://strava.app.link/lFHWwViqoEb,Tidak ada temuan,Tidak ada,2023-11-02
23,AKSES BTS SUKAASIH 2 CIKARANG,https://strava.app.link/XR8O7YrsoEb,Tidak ada temuan,Tidak ada,2023-11-02
24,AKSES BTS SUKAASIH 1 CIKARANG,https://strava.app.link/Osjnsh6xoEb,Tidak ada temuan,Tidak ada,2023-11-02
25,jalur La bts cijantung,https://strava.app.link/uk5icB1KpEb,tiang crosingan di lokasi posisi ny miring,Estimasi tanggal 30 november 2023,2023-11-03
26,XCC Bangbarung - SCC,https://strava.app.link/zKgFmzCQpEb,Tidak ada temuan,Tidak ada,2023-11-03
27,AKSES BTS NARAYANA KARAWANG,https://strava.app.link/ST5XBSVSpEb,Tidak ada temuan,Tidak ada,2023-11-03
28,AKSES BTS PURABAYA KARAWANG,https://strava.app.link/SoSG1w6YpEb,Tidak ada temuan,Tidak ada,2023-11-03
29,jalur La bts kavling kujang,https://strava.app.link/1Wc4VXcZpEb,Tidak ada temuan,Tidak ada,2023-11-03
30,jalur La bts irnusa,https://strava.app.link/DS6KYQu0pEb,Tidak ada temuan,Tidak ada,2023-11-03
31,BTS CBN DUDU,https://strava.app.link/PYJF3Rl1pEb,Terdapat kabel ketarik sama tiang provider lain hang tiangnya miring jalur BB Sentul,"Belum diperbaiki, estimasi tgl 30 diperbaiki",2023-11-03
32,AKSES BTS GALUH MAS KARAWANG,https://strava.app.link/N4C8ewG1pEb,Tidak ada temuan,Tidak ada,2023-11-03
33,BTS Sirkuit Setul,https://strava.app.link/Z5AQ9Xi5pEb,Terdapat kabel ngelendoy sekitar 2 gawang jalur akses bts kadumanggu,menunggu konfirmasi tim DS3,2023-11-03
34,AKSES BTS BABAKAN KARAWANG,https://strava.app.link/o4GFV8W5pEb,Tidak ada temuan,Tidak ada,2023-11-03
35,AKSES BTS TELUKJAMBE KARAWANG,https://strava.app.link/DSaGGF98pEb,Tidak ada temuan,Tidak ada,2023-11-03
36,BTS Kp Gudang Citeureup,https://strava.app.link/Yj3KFbQ9pEb,Tidak ada temuan,Tidak ada,2023-11-03
37,Jalur DWDM HHR-DCI,https://strava.app.link/Td53rV0DqEb,Ada Pekerjaan SPAM Jatiluhur dan Pekerjaan Saluran Air Warung Bongkok Cikarang,Monitoring,2023-11-03
38,Jalur DWDM TBS-DCI,https://strava.app.link/DxL2zeWotEb,Ada Pekerjaan Turab Kramat Jati,Monitoring,2023-11-04
39,Jalur DWDM HHR-KGD,https://strava.app.link/DhjOPxYotEb,Ada Pekerjaan Pom Shell Jl Sultan Agung,Monitoring,2023-11-04
40,Ada Pekerjaan SPAM Jatiluhur Jl Hasibuan dan Saluran Air Warung Bongkok Cikarang,https://strava.app.link/euVn7nzutEb,Tidak ada temuan,Tidak ada,2023-11-04
41,Jalur DWDM HHR-KGD,https://strava.app.link/DhjOPxYotEb,Ada Pekerjaan Pom Shell Jl Sultan Agung,Monitoring,2023-11-05
42,Jalur DWDM HHR-DCI,https://strava.app.link/CK2fgsqPuEb,Ada Pekerjaan SPAM Jatiluhur Jl Hasibuan dan Pekerjaan Saluran Air Warung Bongkok Cikarang,Monitoring,2023-11-05
43,Jalur DWDM TBS-DCI,https://strava.app.link/wo14DSphtEb,Tidak ada temuan,Tidak ada,2023-11-05
44,JALUR LA GTN,https://strava.app.link/x8hLXg9QuEb,Kabel Slackan jatoh dan berantakan di bawah pas di depan pintu 10 jababeka,sudah perapihan,2023-11-06
45,jalur La BB tole Iskandar,https://strava.app.link/lqKhbfnRuEb,Tidak ada temuan,Tidak ada,2023-11-06
46,Jalur DWDM TBS-DCI,https://strava.app.link/Yf1cM3gVuEb,Tidak ada temuan,Tidak ada,2023-11-06
47,jalur La BB pekapuran,https://strava.app.link/SFiIjKn0uEb,Tidak ada temuan,Tidak ada,2023-11-06
48,BB GTN - MKR via kalimalang,https://strava.app.link/862LQKe2uEb,"kabel Turun sepanjang ±100 M di dekat project pelebaran jalan pasirtanjung cikarang pusat.
- Kabel Turun sepanjang ±150M dan udah ketimbun rerumputan karena sudah lama",sudah perapihan,2023-11-06
49,jalur La bi cilangkap,https://strava.app.link/b2s9aSp4uEb,Tidak ada temuan,Tidak ada,2023-11-06
50,XCC Bangbarung - HH depan ekalos,https://strava.app.link/56oHSs75uEb,Tidak ada temuan,Tidak ada,2023-11-06
51,jalur La bi_petikan hh jl raya bogor,https://strava.app.link/KPO5M9v6uEb,Tidak ada temuan,Tidak ada,2023-11-06
52,BB MKR - TARUM,https://strava.app.link/1vJQBxv8uEb,Tidak ada temuan,Tidak ada,2023-11-06
53,HH depan ekalos - ODP depan Ramayana,https://strava.app.link/ucnh6m49uEb,Tidak ada temuan,Tidak ada,2023-11-06
54,Jalur DWDM HHR-DCI,https://strava.app.link/iSCjkJnAwEb,Ada Pekerjaan SPAM Jatiluhur Jl Hasibuan dan Pekerjaan Saluran Air Warung Bongkok Cikarang,Monitoring,2023-11-06
55,jalur La xcc cawang_odp cililitan,https://strava.app.link/xAqL6mLqwEb,Tidak ada temuan,Tidak ada,2023-11-07
56,Jalur DWDM HHR-KGD,https://strava.app.link/uJoTta1rwEb,Ada Pekerjaan Pom Shell Jl Sultan Agung,,2023-11-07
57,Akses Bank BJB Cibinong,https://strava.app.link/DPvrboHtwEb,Tidak ada temuan,Tidak ada,2023-11-07
58,jalur La akses danamon condet,https://strava.app.link/ugatyrlvwEb,Tidak ada temuan,Tidak ada,2023-11-07
59,BB MKR - KIIC KARAWANG,https://strava.app.link/o0SDylHAwEb,"DI jalur BB KIIC terdapat Galian Manual Pipa PDAM, Kabel LA dilokasi galian tidak terlihat, Tim sudah koordinasi ke tukang untuk berhati hati terhadap kabel LA",Monitoring,2023-11-07
60,jalur LA bank DKI,https://strava.app.link/dyIDYZWDwEb,Tidak ada temuan,Tidak ada,2023-11-07
61,BB BI PERURI,https://strava.app.link/UOLfljHGwEb,Tidak ada temuan,Tidak ada,2023-11-07
62,Akses PPP TP,https://strava.app.link/Wf6f143GwEb,Tidak ada temuan,Tidak ada,2023-11-07
63,jalur La bts batu Ampar,https://strava.app.link/CV3MjveIwEb,Tidak ada temuan,Tidak ada,2023-11-07
64,Akses Diskominfo PSDA,https://strava.app.link/qqaKP8EIwEb,Tidak ada temuan,Tidak ada,2023-11-07
65,Akses Sharp,https://strava.app.link/IQYrZHjLwEb,Tidak ada temuan,Tidak ada,2023-11-07
66,AKSES BTS HIPIA MULIA KARAWANG,https://strava.app.link/b38WIM9LwEb,Tidak ada temuan,Tidak ada,2023-11-07
67,Akses pegadaian,https://strava.app.link/8A3YsuUMwEb,Tidak ada temuan,Tidak ada,2023-11-07
68,Jalur BB Tegar Beriman,https://strava.app.link/5SEcXFG7xEb,Tidak ada temuan,Tidak ada,2023-11-08
69,AKSES BTS NARAYANA KARAWANG,https://strava.app.link/NgB17AucyEb,Tidak ada temuan,Tidak ada,2023-11-08
70,Akses Polres Cibinong,https://strava.app.link/ZJ3qhTFeyEb,Tidak ada temuan,Tidak ada,2023-11-08
71,AKSES BTS PURABAYA KARAWANG,https://strava.app.link/dvu0YRFfyEb,Tidak ada temuan,Tidak ada,2023-11-08
72,AKSES BTS GALUH MAS KARAWANG,https://strava.app.link/cdjuRcOkyEb,Tidak ada temuan,Tidak ada,2023-11-08
73,Akses Bank BJB Cibinong,https://strava.app.link/RoCWuqglyEb,Tidak ada temuan,Tidak ada,2023-11-08
74,XCC Simpang Depok - XCC Citeureup,https://strava.app.link/DiAZzFsryEb,Tidak ada temuan,Tidak ada,2023-11-08
75,AKSES BTS BABAKAN KARAWANG,https://strava.app.link/ihFO3dusyEb,Tidak ada temuan,Tidak ada,2023-11-08
76,AKSES BTS TELUKJAMBE KARAWANG,https://strava.app.link/gNQYvtnvyEb,Tidak ada temuan,Tidak ada,2023-11-08
77,Jalur DWDM TBS-DCI,https://strava.app.link/MFVkuekBzEb,Tidak ada temuan,Tidak ada,2023-11-08
78,Jalur DWDM HHR-KGD,https://strava.app.link/t3Ox3S2ayEb,Ada Pekerjaan Pom Shell Jl Sultan Agung,Monitoring,2023-11-08
79,Jalur DWDM HHR-DCI,https://strava.app.link/LwmtU6TPzEb,Ada Pekerjaan SPAM Jatiluhur Jl Hasibuan dan Pekerjaan Saluran Air Warung Bongkok Cikarang,Monitoring,2023-11-08
80,jalur La akses yakult,https://strava.app.link/WvU37srLzEb,Tidak ada temuan,Tidak ada,2023-11-09
81,jalur La bts ciracas_psr rebo,https://strava.app.link/lNuL5HYOzEb,Tidak ada temuan,Tidak ada,2023-11-09
82,AKSES BTS SGC CIKARANG,https://strava.app.link/Yc7XyaDPzEb,Tidak ada temuan,Tidak ada,2023-11-09
83,jalur La bts anik ciracas,https://strava.app.link/03YZdrAQzEb,Tidak ada temuan,Tidak ada,2023-11-09
84,AKSES BTS JAGAWANA SUKATANI CIKARANG,https://strava.app.link/24e79H5UzEb,Tidak ada temuan,Tidak ada,2023-11-09
85,jalur La bts tarkimin,https://strava.app.link/5PFsnz5WzEb,Tidak ada temuan,Tidak ada,2023-11-09
86,AKSES BTS SUKARUKUN SUKATANI CIKARANG,https://strava.app.link/W6ZBA9e1zEb,Tidak ada temuan,Tidak ada,2023-11-09
87,jalur La bts jati jajar SM,https://strava.app.link/luWHFxj1zEb,Tidak ada temuan,Tidak ada,2023-11-09
88,jalur La bts suratman,https://strava.app.link/5eBMqsN3zEb,Tidak ada temuan,Tidak ada,2023-11-09
89,AKSES BTS SUKAASIH 2 CIKARANG,https://strava.app.link/7Kh971Z5zEb,Tidak ada temuan,Tidak ada,2023-11-09
90,AKSES BTS SUKAASIH 1 CIKARANG,https://strava.app.link/gMqvVqR8zEb,Tidak ada temuan,Tidak ada,2023-11-09
91,Jalur DWDM HHR-DCI,https://strava.app.link/n8P5EjytBEb,Ada pekerjaan SPAM Jatiluhur Jl Hasibuan dan Pekerjaan Saluran Air Warung Bongkok Cikarang,Monitoring,2023-11-09
92,Jalur DWDM TBS-DCI,https://strava.app.link/ZIt27VmeBEb,Tidak ada temuan,Tidak ada,2023-11-09
93,XCC Bangbarung - SCC,https://strava.app.link/7If9d9ptBEb,Tidak ada temuan,Tidak ada,2023-11-10
94,BTS CBN DUDU,https://strava.app.link/p3hHQinCBEb,Tidak ada temuan,Tidak ada,2023-11-10
95,BTS Sirkuit Sentul,https://strava.app.link/9O9KUFIFBEb,Tidak ada temuan,Tidak ada,2023-11-10
96,BTS Kp Gudang Citeureup,https://strava.app.link/iDTCiISKBEb,Tidak ada temuan,Tidak ada,2023-11-10
97,Jalur DWDM HHR-DCI,https://strava.app.link/oBxySEWeDEb,Tidak ada temuan,Tidak ada,2023-11-10
98,JALUR DWDM KGD - HHR,https://strava.app.link/pqq8rijiDEb,Project galian pom shell JL. Sultan Agung sudah selesai alat berat juga sudah tidak ada di lokasi,Monitoring,2023-11-11
99,Jalur DWDM TBS-DCI,https://strava.app.link/HlaCsiMeDEb,Tidak ada temuan,Tidak ada,2023-11-11
100,Jalur DWDM HHR-DCI,https://strava.app.link/S2PiNhZBFEb,Ada pekerjaan SPAM Jatiluhur Jl Hasibuan dan Pekerjaan Saluran Air Warung Bongkok Cikarang,Monitoring,2023-11-11
101,JALUR DWDM HHR - KGD,https://strava.app.link/ejuHuvIQEEb,Project pom shell sudah selesai dan sudah tidak ada alat berat di lokasi,Monitoring,2023-11-12
102,JALUR DWDM HHR - DCI,https://strava.app.link/b2H2Er8GFEb,Project spam jatiluhur jl hasibuan - Project saluran air warung bongkok Cikarang,Monitoring,2023-11-12
103,jalur La xcc hek_hh tmii,https://strava.app.link/8xuPtXPlGEb,Tidak ada temuan,Tidak ada,2023-11-13
104,jalur LA BB tmi_BMC,https://strava.app.link/NZnQEPqpGEb,Tidak ada temuan,Tidak ada,2023-11-13
105,jalur La bts lisun,https://strava.app.link/Wi2l4ejtGEb,Tidak ada temuan,Tidak ada,2023-11-13
106,JALUR LA GTN,https://strava.app.link/wVHfWMiuGEb,kabel Slackan jatoh dan berantakan pas depan pintu 10 jababeka,sudah selesai perapihan,2023-11-13
107,jalur La bts pondok gede st,https://strava.app.link/ifGUKHtEGEb,Tidak ada temuan,Tidak ada,2023-11-13
108,jalur La bts hankam cilangkap st,https://strava.app.link/RfQZB7WGGEb,Tidak ada temuan,Tidak ada,2023-11-13
109,jalur La bts kranggan st,https://strava.app.link/F7Pt2PnKGEb,Tidak ada temuan,Tidak ada,2023-11-13
110,jalur La bts jambore,https://strava.app.link/f7BViUKNGEb,Tidak ada temuan,Tidak ada,2023-11-13
111,BB GTN - MKR via kalimalang,https://strava.app.link/gNYgGZYRGEb,Tidak ada temuan,Tidak ada,2023-11-13
112,Jalur DWDM HHR-DCI,https://strava.app.link/mMh60o12HEb,Ada Pekerjaan SPAM Jatiluhur Jl Hasibuan dan Pekerjaan Saluran Air Warung Bongkok Cikarang,Monitoring,2023-11-13
113,Jalur DWDM TBS-DCI,https://strava.app.link/gD8N1Cz8HEb,Tidak ada temuan,Tidak ada,2023-11-13
114,jalur La akses krisbow,https://strava.app.link/XMM4flv3HEb,Tidak ada temuan,Tidak ada,2023-11-14
115,jalur La akses D_BASF,https://strava.app.link/hGCJ7cy9HEb,Tidak ada temuan,Tidak ada,2023-11-14
116,jalur La odp tugu jam_xcc simpang depok,https://strava.app.link/jxGtQ9CnIEb,Tidak ada temuan,Tidak ada,2023-11-14
117,jalur La diskominfo rawakalong,https://strava.app.link/4NnVVPUqIEb,Tidak ada temuan,Tidak ada,2023-11-14
118,Jalur DWDM TBS-DCI,https://strava.app.link/8dqFyEJOJEb,Tidak ada temuan,Tidak ada,2023-11-14
119,Jalur DWDM HHR-DCI,https://strava.app.link/WB5sjPqMJEb,Tidak ada temuan,Tidak ada,2023-11-14
120,jalur La bts h baping,https://strava.app.link/1olZz1SHJEb,Tidak ada temuan,Tidak ada,2023-11-15
121,jalur La jl raya pkp,https://strava.app.link/XScEHEyLJEb,Tidak ada temuan,Tidak ada,2023-11-15
122,jalur La pekapuran,https://strava.app.link/B2MpEQuXJEb,Tidak ada temuan,Tidak ada,2023-11-15
123,jalur La biznet via pekapuran,https://strava.app.link/H7koxlD2JEb,Tidak ada temuan,Tidak ada,2023-11-15
124,Jalur DWDM HHR-DCI,https://strava.app.link/fqYMcq3rLEb,Tidak ada temuan,Tidak ada,2023-11-15
125,Jalur DWDM TBS-DCI,https://strava.app.link/pOE4vqHxLEb,Tidak ada temuan,Tidak ada,2023-11-15
126,jalur LA bts pitara,https://strava.app.link/iFlG9DoBLEb,Tidak ada temuan,Tidak ada,2023-11-16
127,jalur La bts pasir putih,https://strava.app.link/uggHDAfELEb,Tidak ada temuan,Tidak ada,2023-11-16
128,jalur La bts bombay,https://strava.app.link/TIPxtrAGLEb,Tidak ada temuan,Tidak ada,2023-11-16
129,jalur La bts sawangan,https://strava.app.link/vAcc6W0ILEb,Tidak ada temuan,Tidak ada,2023-11-16
130,jalur La bts marjamsa,https://strava.app.link/J1xTEGELLEb,Tidak ada temuan,Tidak ada,2023-11-16
131,Jalur DWDM HHR-DCI,https://strava.app.link/tpANYKa6MEb,Ada Pekerjaan SPAM Jatiluhur Jl Hasibuan dan Pekerjaan Saluran Air Warung Bongkok Cikarang,Monitoring,2023-11-16
132,Jalur DWDM TBS-DCI,https://strava.app.link/DkoD4GLmNEb,Tidak ada temuan,Tidak ada,2023-11-16
133,JALUR DWDM KGD - HHR,https://strava.app.link/dvk55OxPLEb,Tidak ada temuan,Tidak ada,2023-11-16
134,Jalur DWDM HHR-DCI,https://strava.app.link/hpnhcnxrNEb,Ada Pekerjaan SPAM Jatiluhur Jl Hasibuan dan Pekerjaan Saluran Air Warung Bongkok Cikarang,Monitoring,2023-11-17
135,Jalur DWDM TBS-DCI,https://strava.app.link/DkLS2qRuOEb,Tidak ada temuan,Tidak ada,2023-11-17
136,Jalur DWDM HHR-KGD,https://strava.app.link/shyyw0zWOEb,Tidak ada temuan,Tidak ada,2023-11-18
137,Jalur DWDM HHR-DCI,https://strava.app.link/YYIxq2txQEb,Tidak ada temuan,Tidak ada,2023-11-18
138,Jalur DWDM TBS-DCI,https://strava.app.link/slIL2ZXwQEb,Tidak ada temuan,Tidak ada,2023-11-18
139,Jalur DWDM TBS-DCI,https://strava.app.link/n8YqKtddSEb,Tidak ada temuan,Tidak ada,2023-11-19
140,Jalur DWDM HHR-DCI,https://strava.app.link/LZl42g8SREb,Tidak ada temuan,Tidak ada,2023-11-19
141,Jalur DWDM HHR-KGD,https://strava.app.link/oC9O4lmrQEb,Tidak ada temuan,Tidak ada,2023-11-19
142,jalur LA xcc cawang_odp cililitan,https://strava.app.link/dXoiWez0REb,Tidak ada temuan,Tidak ada,2023-11-20
143,jalur La bank DKI,https://strava.app.link/EtV3myQ5REb,Tidak ada temuan,Tidak ada,2023-11-20
144,Akses Diskominfo PSDA,https://strava.app.link/oIDq1Kq7REb,Tidak ada temuan,Tidak ada,2023-11-20
145,jalur LA danamon condet,https://strava.app.link/HPkFjEkdSEb,Tidak ada temuan,Tidak ada,2023-11-20
146,Akses Bank Sinarmas,https://strava.app.link/YgCiNgJdSEb,Tidak ada temuan,Tidak ada,2023-11-20
147,jalur LA bts baru zambrut,https://strava.app.link/LEBidikfSEb,Tidak ada temuan,Tidak ada,2023-11-20
148,Akses Sharp,https://strava.app.link/3RbIQXZgSEb,Tidak ada temuan,Tidak ada,2023-11-20
149,jalur La bts balekambang,https://strava.app.link/VQbctSThSEb,Tidak ada temuan,Tidak ada,2023-11-20
150,Jalur DWDM HHR-KGD,https://strava.app.link/asz1KgUhSEb,Tidak ada temuan,Tidak ada,2023-11-20
151,jalur La bts Tengah raya,https://strava.app.link/qBUr2kLkSEb,Tidak ada temuan,Tidak ada,2023-11-20
152,XCC Bangbarung - HH depan ekalos,https://strava.app.link/LBcwDoRmSEb,Tidak ada temuan,Tidak ada,2023-11-20
153,jalur LA bts bulak rantai,https://strava.app.link/Tb68LrAnSEb,Tidak ada temuan,Tidak ada,2023-11-20
154,Jalur DWDM HHR-DCI,https://strava.app.link/Ep22o9JBTEb,Tidak ada temuan,Tidak ada,2023-11-20
155,Jalur DWDM TBS-DCI,https://strava.app.link/QFBWMDbQTEb,Tidak ada temuan,Tidak ada,2023-11-20
156,Jalur BB Tegar Beriman,https://strava.app.link/d2Ey3VQRTEb,Tidak ada temuan,Tidak ada,2023-11-21
157,jalur LA pekapuran,https://strava.app.link/62iytuHSTEb,Tidak ada temuan,Tidak ada,2023-11-21
158,jalur La bts sukatani,https://strava.app.link/v4fyxPhVTEb,Tidak ada temuan,Tidak ada,2023-11-21
159,Akses Polres Cibinong,https://strava.app.link/zVyAnvFVTEb,Tidak ada temuan,Tidak ada,2023-11-21
160,jalur La bts tunas karya,https://strava.app.link/uAZiBA0XTEb,Tidak ada temuan,Tidak ada,2023-11-21
161,Akses Bank BJB Cibinong,https://strava.app.link/LakVt4e1TEb,Tidak ada temuan,Tidak ada,2023-11-21
162,jalur La Bi cilangkap,https://strava.app.link/op2gKKz1TEb,Tidak ada temuan,Tidak ada,2023-11-21
163,jalur La pelanggan Bi_hh jl raya Bogor,https://strava.app.link/br3c9803TEb,Tidak ada temuan,Tidak ada,2023-11-21
164,Jalur DWDM HHR-DCI,https://strava.app.link/niXiVtieVEb,Ada Pekerjaan SPAM Jatiluhur Jl Hasibuan dan Pekerjaan Saluran Air Warung Bongkok Cikarang,Monitoring,2023-11-21
165,Jalur DWDM HHR-KGD,https://strava.app.link/LcdtADCPTEb,Tidak ada temuan,Tidak ada,2023-11-21
166,Jalur DWDM TBS-DCI,https://strava.app.link/bDFUqTbdVEb,Tidak ada temuan,Tidak ada,2023-11-21
167,jalur LA pasar cibubur,https://strava.app.link/tZdifgViVEb,Tidak ada temuan,Tidak ada,2023-11-22
168,jalur La bts madinatul cbn_PL,https://strava.app.link/5ydBns9sVEb,Tidak ada temuan,Tidak ada,2023-11-22
169,jalur La bts pesona vista,https://strava.app.link/oMhoFPRxVEb,Tidak ada temuan,Tidak ada,2023-11-22
170,jalur La bts mampir cileungsi,https://strava.app.link/QoOiVveyVEb,Tidak ada temuan,Tidak ada,2023-11-22
171,jalur La bts citra indah,https://strava.app.link/JLgha7CEVEb,Tidak ada temuan,Tidak ada,2023-11-22
172,jalur La bts rawailat,https://strava.app.link/bc8VNeKGVEb,Tidak ada temuan,Tidak ada,2023-11-22
173,Jalur DWDM TBS-DCI,https://strava.app.link/T5DXwrFZWEb,Tidak ada temuan,Tidak ada,2023-11-22
174,Jalur DWDM HHR-DCI,https://strava.app.link/a5X7DmX4WEb,Ada Pekerjaan SPAM Jatiluhur Jl Hasibuan dan Pekerjaan Saluran Air Warung Bongkok Cikarang,,2023-11-22
175,jalur La akses yakult,https://strava.app.link/OMEaNccZWEb,Tidak ada temuan,Tidak ada,2023-11-23
176,Akses Bank BJB Cibinong,https://strava.app.link/FLIp1Ba1WEb,Tidak ada temuan,Tidak ada,2023-11-23
177,jalur La akses PT erlangga,https://strava.app.link/UofaXMn2WEb,Tidak ada temuan,Tidak ada,2023-11-23
178,jalur La jl Raya pkp,https://strava.app.link/FvkH0Z45WEb,Tidak ada temuan,Tidak ada,2023-11-23
179,XCC Bangbarung - SCC,https://strava.app.link/5YbI9Nb8WEb,Terdapat kabel pada miring sama provider lain di akibatkan longsor,"Menunggu tim P3, estimasi perbaikan 30 November 2023",2023-11-23
180,JALUR LA GTN,https://strava.app.link/z5WCSib9WEb,"dekat XCC CKR terdapat galian manual pipa pdam di lokasi galian hdpe LA sudah terlihat dan ada 4 hdpe, tim sudah koordinasi ke tukang untuk berhati hati terhadap kabel LA
- Kabel slackan berantakan di depan pintu 10 jababeka",Sudah di rapihkan,2023-11-23
181,jalur La bank bjb,https://strava.app.link/seCLsowbXEb,Tidak ada temuan,Tidak ada,2023-11-23
182,BTS CBN DUDU,https://strava.app.link/haWOHUJcXEb ,Tidak ada temuan,Tidak ada,2023-11-23
183,BTS Sirkuit Sentul,https://strava.app.link/4eSg3UihXEb,Tidak ada temuan,Tidak ada,2023-11-23
184,jalur La BB tole Iskandar,https://strava.app.link/aHVxzrCiXEb,Tidak ada temuan,Tidak ada,2023-11-23
185,BTS Kp Gudang Citeureup,https://strava.app.link/yIimW8MlXEb,Tidak ada temuan,Tidak ada,2023-11-23
186,BB GTN - MKR viakalimalang,https://strava.app.link/D3YRJiZlXEb,Tidak ada temuan,Tidak ada,2023-11-23
187,jalur La diskominfo rawakalong,https://strava.app.link/tH10zermXEb,Tidak ada temuan,Tidak ada,2023-11-23
188,jalur La BB raya bogor,https://strava.app.link/V7Cn9iLpXEb,Tidak ada temuan,Tidak ada,2023-11-23
189,Jalur DWDM HHR-DCI,https://strava.app.link/hkToYT8GYEb,Ada pekerjaan SPAM Jatiluhur Jl Hasibuan dan Pekerjaan Saluran Air Warung Bongkok Cikarang,Monitoring,2023-11-23
190,Jalur DWDM TBS-DCI,https://strava.app.link/DVcBIfOyYEb,Tidak ada temuan,Tidak ada,2023-11-23
191,jalur La bts cijantung,https://strava.app.link/EIoxHFKAYEb,Tidak ada temuan,Tidak ada,2023-11-24
192,jalur La bts pengantin ali,https://strava.app.link/W4aDOksDYEb,Tidak ada temuan,Tidak ada,2023-11-24
193,jalur La bts h baping,https://strava.app.link/x0dMLJBHYEb,Tidak ada temuan,Tidak ada,2023-11-24
194,jalur La bts anik ciracas,https://strava.app.link/YpD3mR1JYEb,Tidak ada temuan,Tidak ada,2023-11-24
195,jalur La bts parung serab,https://strava.app.link/NhsgleUQYEb,Tidak ada temuan,Tidak ada,2023-11-24
196,jalur La bts depok timur,https://strava.app.link/XT4ea06SYEb,Tidak ada temuan,Tidak ada,2023-11-24
197,jalur La bts kavling kujang,https://strava.app.link/8g5eQfKVYEb,Tidak ada temuan,Tidak ada,2023-11-24
198,jalur La bts irnusa,https://strava.app.link/B7IN0DoXYEb,Tidak ada temuan,Tidak ada,2023-11-24
199,jalur La bts pitara,https://strava.app.link/LRkQ7aaZYEb,Tidak ada temuan,Tidak ada,2023-11-24
200,Jalur DWDM HHR-KGD,https://strava.app.link/bdf84xcJYEb,Tidak ada temuan,Tidak ada,2023-11-24
201,Jalur DWDM TBS-DCI,https://strava.app.link/63yP83Yg0Eb,Tidak ada temuan,Tidak ada,2023-11-24
202,Jalur DWDM HHR-DCI,https://strava.app.link/Ri4dhsWd0Eb,Ada pekerjaan SPAM Jatiluhur Jl Hasibuan dan Pekerjaan Saluran Air Warung Bongkok Cikarang,Monitoring,2023-11-24
203,Jalur DWDM HHR-KGD,https://strava.app.link/rvScYMgo0Eb,Tidak ada temuan,Tidak ada,2023-11-25
204,Jalur DWDM HHR-DCI,https://strava.app.link/GzBmcQVH1Eb,Tidak ada temuan,Tidak ada,2023-11-25
205,Jalur DWDM TBS-DCI,https://strava.app.link/mf4otKrE3Eb,Tidak ada temuan,Tidak ada,2023-11-25
206,Jalur DWDM HHR-KGD,https://strava.app.link/d9xtZXEf2Eb,Tidak ada temuan,Tidak ada,2023-11-26
207,Jalur DWDM TBS-DCI,https://strava.app.link/mf4otKrE3Eb,Tidak ada temuan,Tidak ada,2023-11-26
208,Jalur DWDM HHR-DCI,https://strava.app.link/IMzJZFtJ3Eb,Tidak ada temuan,Tidak ada,2023-11-26
209,jalur La BB cawang segment pgc cililitan,https://strava.app.link/PqHJriDB3Eb,Tidak ada temuan,Tidak ada,2023-11-27
210,Akses Bank BJB Cibinong,https://strava.app.link/GRVC2wME3Eb,Tidak ada temuan,Tidak ada,2023-11-27
211,Akses PPP TP,https://strava.app.link/E1aBZ5VJ3Eb,Tidak ada temuan,Tidak ada,2023-11-27
212,BB MKR - KIIC KARAWANG,https://strava.app.link/bC3LdSfL3Eb,Tidak ada temuan,Tidak ada,2023-11-27
213,jalur La ATM danamon condet,https://strava.app.link/4wlfGMgL3Eb,Tidak ada temuan,Tidak ada,2023-11-27
214,Akses Diskominfo PSDA,https://strava.app.link/f7tEMDbP3Eb,Tidak ada temuan,Tidak ada,2023-11-27
215,jalur La mandiri pusdikes,https://strava.app.link/YAWqJOrP3Eb,Tidak ada temuan,Tidak ada,2023-11-27
216,BB BI PERURI,https://strava.app.link/pZ2eX3pT3Eb,Tidak ada temuan,Tidak ada,2023-11-27
217,jalur La xcc psr rebo_xcc hek,https://strava.app.link/tJerBUwT3Eb,Tidak ada temuan,Tidak ada,2023-11-27
218,Akses Sharp,https://strava.app.link/wGW1jd4V3Eb,Tidak ada temuan,Tidak ada,2023-11-27
219,jalur La xcc hek_xcc cawang,https://strava.app.link/S94ZFyeX3Eb,Tidak ada temuan,Tidak ada,2023-11-27
220,AKSES BTS HIPIA MULIA KARAWANG,https://strava.app.link/YV2myhjX3Eb,Tidak ada temuan,Tidak ada,2023-11-27
221,XCC Bangbarung - HH depan ekalos,https://strava.app.link/BYyl3VOZ3Eb,Tidak ada temuan,Tidak ada,2023-11-27
222,Jalur DWDM TBS-DCI,https://strava.app.link/c39Qqa884Eb,Tidak ada temuan,Tidak ada,2023-11-27
223,Jalur DWDM HHR-DCI,https://strava.app.link/RYtSJbTb5Eb,Ada Pekerjaan SPAM Jatiluhur Jl Hasibuan dan Pekerjaan Saluran Air Warung Bongkok Cikarang,Monitoring,2023-11-27
224,Jalur DWDM HHR-KGD,https://strava.app.link/Xa6F4MqK3Eb,Tidak ada temuan,Tidak ada,2023-11-27
225,jalur La xcc hek_hh tmii,https://strava.app.link/vhFMDmCg5Eb,Tidak ada temuan,Tidak ada,2023-11-28
226,Jalur BB tegar Beriman,https://strava.app.link/iM7rVUjl5Eb,Tidak ada temuan,Tidak ada,2023-11-28
227,jalur La hh tmii_hh bmc,https://strava.app.link/elBQQHMl5Eb,Tidak ada temuan,Tidak ada,2023-11-28
228,JALUR LA GTN,https://strava.app.link/9mwyXO8m5Eb,Tidak ada temuan,Tidak ada,2023-11-28
229,jalur La bts pondok gede st,https://strava.app.link/UpSwyBmo5Eb,Tidak ada temuan,Tidak ada,2023-11-28
230,Akses Polres Cibinong,https://strava.app.link/aXampiTt5Eb,Tidak ada temuan,Tidak ada,2023-11-28
231,jalur La bts lisun,https://strava.app.link/S2vKgChv5Eb,Tidak ada temuan,Tidak ada,2023-11-28
232,jalur LA bts cilangkap st,https://strava.app.link/IJqgUyj16Eb ,Tidak ada temuan,Tidak ada,2023-11-28
233,BB GTN - MKR Via kalimalang,https://strava.app.link/sq5mnlzx5Eb,Tidak ada temuan,Tidak ada,2023-11-28
234,Akses Bank BJB Cibinong,https://strava.app.link/M3Q4IA4x5Eb,Tidak ada temuan,Tidak ada,2023-11-28
235,BB MKR - TARUM,https://strava.app.link/kLxYIaYC5Eb,Tidak ada temuan,Tidak ada,2023-11-28
236,Pasar Cibinong - Mall Cibinong,https://strava.app.link/Wk6xPNLD5Eb,Tidak ada temuan,Tidak ada,2023-11-28
237,Jalur DWDM TBS-DCI,https://strava.app.link/LdKtaQa96Eb,Tidak ada temuan,Tidak ada,2023-11-28
238,Jalur DWDM HHR-DCI,https://strava.app.link/50YdU8k36Eb,Ada Pekerjaan SPAM Jatiluhur Jl Hasibuan - Ada pekerjaan Saluran Air Warung Bongkok Cikarang. - Ada pekerjaan perbaikan jalan Jl Inpeksi Kalimalang Cibitung,Monitoring,2023-11-28
239,Jalur DWDM HHR-KGD,https://strava.app.link/io2hiS9t5Eb,Tidak ada temuan,Tidak ada,2023-11-28
240,jalur LA bts cilangkap st,https://strava.app.link/Ui5Ey4Bw5Eb,Tidak ada temuan,Tidak ada,2023-11-29
